Company,Absolute_Emission, Emission_Intensities,Total_Energy_Consumption,Energy_Consumption_Intensitie,Total_Water_Consumption,Water_Consumption_Intensities,Total_Waste_Generated,Current_Gender,Total_Employee,Average_Traning_Emp,WOB,Women_in_the_management_team,certification
arnold-2022,18448785.97032178,0.39233163622910094,914.0980039234242,92.99182917254343,2493609354.1627812,2692574.92040801,16226889,0.8067233960601223,25610,1016630.6785382776,0.2586626470483181,0.26568482213640604,11
mcdaniel-2021,24509330.54899305,0.3731863091545261,235.90907408648616,19.045659285882405,6477460413.507048,2604021.883402312,3727492,0.8009460837334466,27899,667101.7662580098,0.21439966710807562,0.26551900711443494,11
houseglover-2020,10921581.339328833,0.3985333535648545,214.41333270769474,40.074156905715284,0.0,2966743.0891397307,5602999,0.020235425376152083,37743,0.0,0.2896168021085399,0.2625353192973037,8
schroederkramer-2024,13103911.905176267,0.4029106940667116,647.1215454521002,45.20767493367602,2007249465.953692,2529054.842821241,891437,0.5402501847992218,39946,870249.1327240581,0.1988235351251763,0.26734989566429057,10
arroyo-2024,2471262.090472199,0.40138078123691984,1128.9429693059988,75.73629860304857,0.0,2682709.534700182,7902664,0.6991845034697182,25519,480806.3796025156,0.2290605123859406,0.2641448416771495,12
williamsbrown-2020,33769822.71188758,0.39313109112789774,1113.5479865049792,59.12537263303024,0.0,2770831.6723001576,15952230,0.36201807726202206,44712,0.0,0.3178432332207532,0.26685017799951516,10
gallowaywyatt-2020,11230497.683693394,0.3700170344680667,427.94438904879223,58.993467900591455,14930759479.354122,2655238.0096536824,300117,0.363918490277932,38615,859309.8465611674,0.2556080084492876,0.26774872942495087,11
rodriguez-2021,26860946.56576617,0.38552868862641243,367.41608605323245,37.14605453872235,0.0,2762254.0805701143,7434353,0.5375831046344262,27816,0.0,0.26063203486071723,0.265944161027048,9
wolfharris-2024,6719947.5614699125,0.39887547259415507,1608.2730574339291,53.670720952174655,6065586087.077432,2713559.334992641,7105793,0.4019523812378316,30584,2429870.506706273,0.2711430360486433,0.26730238428276315,10
mcclure-2024,11236806.595648322,0.40778985149560176,972.5268143213443,71.64663625423273,0.0,2907678.060304778,3657769,0.03233385093091101,50589,0.0,0.2539256944228058,0.2668767501904146,10
mckee-2024,18045690.905183107,0.3948273139358642,0.0,62.39004189660774,0.0,2927013.200919761,468478,0.13452520155158654,37658,0.0,0.29047304188487005,0.2694223655536789,8
perezwhite-2021,12885959.074717924,0.397135871189681,989.2800035231314,12.510291034520478,0.0,2791928.428648205,7674013,0.5898686587286166,33272,117051.55952667986,0.290693763288539,0.2672845176900818,9
choi-2024,42852267.755822435,0.39971749664962164,0.0,67.72522331035043,0.0,2826769.9037556206,13421236,0.003761388655382003,39066,921139.0719453178,0.31785049223059525,0.27066545738334047,10
lee-2020,3840473.4931422714,0.3832666896985809,93.81012598759241,46.33170005170738,6672908898.500725,2759700.924094182,11210609,0.5714118883696271,43669,422679.67604326655,0.4052459940481671,0.26798568925102273,9
ware-2021,9493780.717116155,0.39982174495680795,425.81959932763147,69.40038499725533,7632443685.17358,2713771.8194462378,44643,0.9806197632321267,25826,1247553.5519000858,0.2898576162587342,0.26404041872644907,11
boonesimmons-2023,16463140.04053483,0.383334949710757,637.2325844545144,50.277376876165356,0.0,2770357.526024936,9433644,0.16021397783541502,39915,0.0,0.2368192924138265,0.2677524563464619,11
kingmiller-2022,18775580.945551246,0.4404889171215078,871.0528781338489,81.69330176077625,11124949618.462002,2808938.937517221,3590082,0.7704198893305918,22761,443163.07153568463,0.25765218400044737,0.26683927250795125,14
sanchez-2021,23689112.887820225,0.4022807465797959,0.0,34.818380478008876,12105283972.554976,2731788.801775569,1495876,0.5518555200158692,36401,80009.93062515138,0.2899665019203376,0.26676274054084037,9
miller-2022,47810636.6064585,0.4016491727912451,0.0,54.01704192086764,0.0,2835357.141053675,406661,0.02361852701967404,34761,1254438.000464302,0.2247342031147932,0.26596147614306764,10
chapman-2020,2050721.334761208,0.4153028227005498,778.061360055213,11.812393277964098,10862412309.371544,3002206.7698803646,12579906,1.5097247544559877e-05,25471,1549608.9619243508,0.24741645087092806,0.2676023201751837,12
nelson-2020,6927659.60330933,0.3932817383325836,0.0,18.708669019857403,2359835406.45515,2559375.3841641606,16581740,0.6173670160841191,25886,713613.494583729,0.3463612057666523,0.2636396034641626,12
rodriguezjohnson-2022,9777267.291924154,0.38215664303539176,810.0779830033899,54.38461713061718,0.0,2732514.436220912,3122864,0.002462588885407957,36237,1784407.2376216012,0.22300669439865556,0.2711634958593794,7
parsonshall-2022,6889295.920374779,0.4010989192783769,708.565325085875,30.421968111301357,2682712178.060861,2658558.5536222206,1761777,0.15909012466190475,33371,107570.85631014901,0.32142068884101976,0.26731451093989905,12
thomas-2020,20817988.446040817,0.3839969462054698,237.08975657188796,70.37121820418014,8628642284.609505,2720595.3981244406,6475641,0.9947956115395247,24463,1019969.2561672814,0.27069035115376,0.2662077543959973,12
pugh-2023,24307898.02825159,0.40381619978898525,1282.788005872586,49.19247586357975,9148654083.958591,2682570.9823902883,7855324,0.957548772961136,30930,1055331.5915091513,0.242326290555367,0.27107780635888046,9
cookhines-2020,12048031.963154372,0.40797432459185273,994.7952022596786,66.77944801574102,8759223250.720037,2721732.696454606,291946,0.8407349864721985,23660,1334908.540152614,0.2732289696704975,0.26492636577070094,10
hernandez-2020,16955360.534118257,0.38719782754696735,90.21727306598467,55.68596365709909,5974171064.392439,2656726.4548571417,2551052,0.5107780284192174,16420,0.0,0.24692034386532768,0.26621668056034337,11
garcialozano-2022,35893067.10808175,0.4043489348370672,461.4248050219731,48.025483899524076,0.0,2720909.2566347616,3767584,0.8996015589201622,22250,999550.1399350264,0.3505725993563828,0.26643738014147883,11
ramsey-2024,21896670.14682386,0.3891586801960645,676.6733441697783,48.94719670992677,4904181005.466184,2621763.6167530096,5856521,0.6512715584893431,43646,1323246.8979485342,0.3791399654736235,0.265048955962863,12
sandersespinoza-2024,12862931.816686915,0.4204232187791242,98.02058528025327,24.0935574982484,0.0,2444248.6452114605,2186074,0.7398116994394766,31431,868878.8403341662,0.3663853927351087,0.26867033604745816,9
walsh-2020,6419365.86200651,0.39993573407597127,0.0,101.98567258314463,12762644147.798468,2661689.346702459,5734130,0.321603936394121,28943,1528200.950984119,0.2065870374841582,0.26540307316990025,10
moralesjones-2021,10432291.550482824,0.3885692928631019,900.1760199197163,17.447993013162176,3160299792.0677266,2739149.608178029,9124503,0.5673454188802118,19458,0.0,0.33882865874537127,0.267367246117496,9
brown-2022,37244125.44730313,0.3953957859507587,1212.063483100127,50.54885126693929,19164895243.317486,2954004.9082150524,4032359,0.6821416372864615,36079,1624454.9422869796,0.23557158742731046,0.2681129901371193,12
ryan-2021,21754643.689285044,0.3797222318601575,0.0,40.72404743352453,9407192059.691423,2920761.235304482,6187266,0.49981318205665026,17059,0.0,0.27744239187369446,0.26747634772614887,10
walker-2023,27257263.470639035,0.3929246346025346,0.0,68.1077740059047,6857763063.42635,2599835.8411704367,2265372,0.02667914835251972,29430,1320209.139322807,0.23461376444934517,0.2677292900238052,10
lee-2023,4538084.0525944345,0.3927085200342973,0.0,32.43548499451805,0.0,2981519.330603736,5928249,0.48504992601292685,32028,534763.3505727781,0.2698257955836394,0.2679614437567778,12
rodriguezhall-2022,138687.566270357,0.38705189927423833,396.9041274873877,0.0,0.0,2902957.93900717,16665495,0.4476878229075478,35433,846432.6259104352,0.4217623183687006,0.2690269378208764,10
evans-2022,7437631.9020269215,0.3746158435842841,665.1109212991157,26.524673932187667,0.0,2638378.2264431836,1521244,0.7507965983505667,38298,611548.1666478761,0.3481417454060143,0.26682977338058605,9
jacksonlawson-2021,36744528.55193165,0.400502748612919,0.0,43.02968933444711,0.0,2541633.354185507,11870933,0.7040012407044074,16885,1031647.7836715234,0.2500421663694232,0.26563971618747995,9
zhang-2022,5805760.294974089,0.394585485374623,85.32428369439651,56.46657050585397,3829659827.136589,2691942.712710702,360713,0.04222705012736583,37112,985989.8225858402,0.2349899764045575,0.26687607755359455,12
lam-2020,20162262.725983035,0.40055644625428716,179.67083757580724,65.21876153774564,0.0,2486169.0565703306,5163203,0.721862140874395,32458,0.0,0.3094030048842553,0.26316387481677683,10
byrdle-2021,11991483.745233621,0.38613463101025214,577.6368512323513,23.490188900113832,1401014406.1260128,2855575.250817673,1844975,0.09943851331089348,19410,1007244.8995483695,0.34637480385431585,0.2614559825422463,9
burns-2021,19881165.738905486,0.391549956401957,759.0964473561759,30.967681487457654,4823644617.502681,2702885.024927036,13482513,0.6067134727168697,33189,314354.95188951475,0.2575489234316263,0.26575475393729003,11
evans-2023,2090820.6240623258,0.3974965632406075,1714.3275921178383,73.9821556793606,1826219580.2747264,2881189.1200437015,2971035,0.22464338031516107,20552,0.0,0.2638151037550047,0.2667054960193651,13
nelson-2022,15422338.99874816,0.39135622730268627,1015.9500077008306,0.0,5906233466.208361,2824638.5705374004,4169618,0.4205320045544063,33198,311845.17303011974,0.309135465106201,0.2714537075315592,11
hermanwalker-2024,14019391.610155791,0.388457129743044,74.73409633081832,72.79274427750153,0.0,2732746.257001197,2506901,0.5697127274740268,33152,1380837.3950476325,0.256517081496253,0.26609772034738827,9
gonzalez-2022,1675341.958981526,0.398552689797774,975.3604580330762,21.689490484441407,10511856918.914524,2901481.403720103,8450774,0.56411000755568,22752,0.0,0.1981015694009485,0.26982060500322946,12
gregorywatkins-2020,8604067.138420697,0.3973782365309327,0.0,119.89857504968874,5133339925.847258,2737717.169116461,10534127,0.5784156367720614,32121,35782.53252909973,0.30170803337418406,0.2706343226807284,13
mayross-2020,37993392.51708302,0.38783142498498224,0.0,44.91203040367101,4599427062.605022,2867125.6981240977,5596255,0.07498163945638048,28535,303314.9169692417,0.23339921497644012,0.2631779224771855,12
mullen-2022,10901754.864356365,0.37843470937346413,0.0,38.7884567542241,16319203012.867085,2689230.051707575,4333419,0.46180942645879175,27458,0.0,0.27750007660837445,0.26617981392943973,12
alvarez-2022,42552479.72168283,0.4075936772177535,400.35847915704824,16.313502119302576,22888758738.412956,2731123.6774266534,5785943,0.4121964666241591,31879,511193.9057223446,0.25358661763324764,0.2655137867912348,10
frazier-2021,91675.84274833836,0.38539845883584706,610.7239090060261,41.144817705089196,15120354977.102112,2374987.771118086,12973733,0.8593691396017427,10548,365264.5625112718,0.2628975781862564,0.2636993714742454,9
brightfrancis-2022,10201135.831027243,0.4151437406464434,1075.5156855368841,85.65877913538993,9437193007.431316,2574977.4437968656,2194310,0.6142895349261686,18542,1142039.4174820748,0.268934587687767,0.26587647502247974,12
johnsondoyle-2023,17513850.451818224,0.3896444080758974,1200.8718100465887,17.055995642461383,8669071648.353062,2801279.2630779655,3628255,0.9142441451715446,18270,1297314.4688478522,0.271486466295967,0.26556466977983795,12
beard-2023,2960053.3364138473,0.3770048264109966,0.0,66.25136101947402,0.0,2953933.07356722,8194111,0.7907419216193823,32000,546252.8377708625,0.2549100410586696,0.2675081194785213,10
stanley-2022,29261203.77801427,0.39537832592396205,635.3138073856995,37.97700138776131,3780933161.6141243,2763789.1026080376,5714345,0.26590690724404764,36999,743137.4081765173,0.2715287710290902,0.26670552880981446,11
houseglover-2021,26345.649930927902,0.38460859964877614,660.8408356002002,20.05047086195475,7160361801.998407,2499611.727145329,12557830,0.542342671702067,32423,1340479.4740245608,0.35668420218881336,0.26880514653050025,7
gallegos-2024,13213578.460117154,0.3864606375645616,565.6939763730885,63.67503171587314,0.0,2747884.336172294,654382,0.10677980181430913,16809,0.0,0.2177637669931125,0.26460934520863594,12
gibsonmorris-2022,7328158.827427633,0.4257635921270944,827.5736006066253,53.96985517316914,0.0,2815367.155189447,1853340,0.038881714090411634,54060,546733.4719349204,0.33291651782236703,0.26518424059977824,10
farmer-2024,41159359.7497444,0.38643471296712195,1566.9434384168196,69.21817588456037,108580170.94577074,2806444.383731479,12180282,0.1822258119231286,15273,82386.16756939515,0.2686033861658828,0.26650974721999143,11
harrisonalexander-2024,12762380.984727392,0.3778870906598795,764.1700609512295,66.38479200761674,8261205742.5894985,2865363.434966565,11255560,0.48480344914744666,29360,0.0,0.29978110831390864,0.2671045107556053,11
freemanchang-2022,13163162.431506008,0.3809554501701952,1141.3598626133553,47.42656447896658,9145368544.898228,2727063.214043586,5891513,0.5393929685041847,25173,688140.2101275625,0.258715247283552,0.2657506681910422,10
gonzalez-2021,13554394.502631199,0.38822318813326717,1254.9185519882644,22.493087445057657,2837086978.9600935,2665558.552887343,15344839,0.3585604993315643,39709,0.0,0.292295917629107,0.26854217306053185,11
martinezdudley-2023,28587035.94421519,0.3877581479677571,1341.0061466940429,115.61628974946784,1558777202.0590086,2664800.146065575,15387573,0.289495353827423,25109,308240.5550552354,0.2670256622721536,0.2638323161225029,9
anderson-2020,8303932.037711162,0.3847353841146725,531.6291967533407,55.40974443825886,15458208243.020733,2592151.95365861,12258778,0.5979842956536121,29554,1113947.315899718,0.22830599605441668,0.267472857198259,11
washington-2021,18372800.03330861,0.3974892483821874,1927.2603390147447,29.983385417624998,337192347.4558258,2641457.386723564,1987818,0.21771787146860744,41185,1662622.9209107342,0.253720867147545,0.2649119070439039,11
ramsey-2021,248504.93886242434,0.4016372607046646,664.8079077693453,4.380624379545559,15436448980.145264,2959331.7045966997,1605532,0.8530342876446084,32703,863508.0919740655,0.31032165538404516,0.2709045499368733,10
jacksonmeza-2023,4634774.125746181,0.3773564686688372,141.3853170103937,47.61401141213058,17231160396.151115,2655324.595816278,7185768,0.44522656031315666,41179,2476733.904353589,0.25555696609233447,0.26563483772327956,12
armstrongandrews-2020,21749569.412283704,0.4162832616345227,878.3604661477217,38.102976918709885,8485419720.286017,2869032.675031376,11165911,0.6910496625625635,40036,1477783.3340937956,0.3436393790839638,0.2680342671903034,10
ramirez-2023,12210032.536035478,0.40855831933432546,93.17934959260697,59.3305811164828,1337208449.1899624,2727119.2518555676,14220716,0.33516422653746947,30455,0.0,0.31436009452538927,0.2680274668040097,14
armstrongandrews-2023,4108720.3774325876,0.3966443735943272,690.8490073205083,94.578826151544,3502340661.2299514,2760007.1963154958,9747896,0.3159095366986855,25826,760226.0592991672,0.3294337180953521,0.26450258240056757,11
morganfrench-2022,2884780.637688538,0.4084200092384282,0.0,32.281736707663015,6934865657.281656,2929061.776314852,5254454,0.13473562328405686,47684,0.0,0.17875937087354668,0.2675942985770366,10
bowen-2020,8608597.597278442,0.4025473706773656,687.7197649240549,32.131363958652216,0.0,2837988.420665817,10030082,0.09034854402234327,47360,0.0,0.20975954627207405,0.26520799637848286,10
fernandez-2020,13932385.411620565,0.39108912932873596,748.3962769815845,12.084881486080043,14682826523.494404,2712546.8146643997,13145754,0.9853987060057321,34308,1036649.7910532873,0.3006140501598082,0.26802164521680727,13
guerrero-2024,13097850.230481729,0.40255518143564395,500.77334032264423,90.57408139760477,0.0,2959996.983313148,5425163,0.6200846802125697,31222,116295.93904515711,0.31870613571628503,0.26529081451317454,10
morales-2022,24086174.04823529,0.38854225371269485,0.0,2.3931039739041466,9718638152.420689,2826601.119532573,8530969,0.6311281619738449,29571,614763.6923296237,0.22666488439389626,0.26983610857600887,12
gregorywatkins-2022,5656179.805910225,0.3943244175058113,667.8681064525146,0.0,2398996589.139702,2633724.9488858273,988099,0.3101834054734105,46900,1088947.2761785232,0.25370094432602364,0.2678737771587198,13
johnston-2022,26076445.621390037,0.3947195288153011,188.46335612791893,68.94031952888155,7053084398.816265,2840976.0608918946,9929831,0.016558814236651287,24993,1586754.3434121136,0.28909816904668934,0.2710417007310163,9
jonessoto-2021,40538393.696931675,0.3963880870058464,185.95163884232494,34.46980057704337,1867454448.4800458,2779080.092794945,9180511,0.05539813428246365,29790,2193699.162351086,0.3595420609342668,0.2675865177288086,10
ortiz-2020,11734419.846330255,0.40140300388334954,0.0,41.07485309498487,0.0,2775802.4477149043,10010036,0.4435566136043261,44800,0.0,0.21257511709796006,0.26713985264774426,12
davis-2022,39610850.7316452,0.3884628810710987,1155.6682394243644,47.45708598622289,2940564864.8478136,2839460.514493234,10044234,0.2445491918930056,43885,1632887.072341929,0.25119693019377637,0.2675010937810699,11
gutierrezlopez-2021,14241369.361443069,0.38735975248970417,174.626576489897,47.8348386160914,12713891423.172762,2794774.5044647055,3220913,0.8250090640734493,3269,1462677.4200075017,0.19989756215951227,0.26590257407191364,9
taylor-2022,24750053.81468068,0.3897929951204647,355.31182335324047,39.201063079973,19281127498.065998,2773530.7382962843,8561546,0.9339244699876659,32261,426810.9687799779,0.27095937402279735,0.2665157179579433,10
hensley-2022,13179450.824386477,0.40667770288633465,1170.7148587838444,83.19402081605433,8834662885.274368,2573143.9125974756,16588545,0.40033566411455146,32861,62417.503376415814,0.27704684874958835,0.2673597586837372,11
miller-2021,17115594.68049954,0.41347181879331074,805.2749804868216,41.460347859072904,11198214933.478727,2879645.9585118154,2495510,0.07754637357472927,36603,398466.9145551055,0.34334229851155595,0.26635032171289574,11
pollard-2024,6509860.26847142,0.3941879843050583,0.0,6.587852880584407,15777878973.032364,2612045.912639024,919877,0.7189485508970375,24018,0.0,0.35560405562249586,0.2687955480149896,9
rodriguez-2024,49744499.931050315,0.4058464560710284,369.00272255114885,0.0,20837141793.862335,2540743.373790671,5282311,0.9008479286779938,52930,1635963.798091411,0.30596432573431936,0.2679205189119575,12
hurst-2023,23122754.64798539,0.397392991397376,609.4744900426907,46.75477294226856,0.0,2686459.516593836,5599538,0.09393466462296773,20735,0.0,0.28828294874502847,0.26960126515534055,12
abbottmunoz-2020,18399288.22928622,0.3820586694054009,1078.3701858663976,19.93048790907541,2562768924.6282444,2795622.330841161,766140,0.9675471074142568,17491,174927.51758874097,0.2947238659684322,0.26330834100244305,11
sandersespinoza-2022,9244819.630076872,0.4006666103681676,676.5733806497573,88.35858443710485,5104306091.719189,2666915.3912612963,6508794,0.8455350578085818,30478,647281.8521222741,0.24767787539363278,0.2652691488250157,8
joyce-2020,40781044.1629194,0.378990946033779,162.69815756837176,27.63111274048093,10695782577.200626,2684583.743525298,14015872,0.37254419044377407,32639,2765.229222321883,0.37877008319536987,0.26416298936683447,11
scott-2024,20891927.183502436,0.39899309956923795,447.2166739070785,44.7944046517783,4512882003.190646,2704025.005608264,12122415,0.9952664495372989,24783,0.0,0.27593518923816646,0.27210517147212804,9
ryan-2020,38812097.31355573,0.41424394751865556,240.78500565370803,65.17165065512306,16024083846.627113,2673522.21275033,4335083,0.02117278151193913,20489,139675.36341112753,0.22364555805975558,0.26673852092683814,9
schmitt-2023,13762093.738384373,0.37522581240828096,736.5276438711954,72.88585697160862,0.0,2772495.4032318736,13881978,0.6717727702517018,45726,925729.059368839,0.2475388164182046,0.2665490951277299,11
rodriguezgraham-2024,10949658.163660053,0.40050088975634757,35.03447196561558,53.51859260471149,0.0,2708726.190830832,336326,0.6385937453633912,41627,1420401.5457192329,0.30804682532347877,0.26436386916423943,10
reed-2021,31218312.7015601,0.39571002465884325,1851.049116211086,60.04922013393346,5589752782.601282,2682722.1380985016,6583791,0.8618025498290556,36668,1321356.986188902,0.24381032749660883,0.26386018118032284,7
mortonchase-2023,18649801.437797412,0.38068624615198926,0.0,59.911023178518136,22304982303.574142,2722544.2437594747,11286034,0.866571754111737,29090,1293671.8592411121,0.26663475629371725,0.2672303791608602,11
sanford-2021,2313839.8944048565,0.40597046165311457,453.00544041042167,26.54233292462726,8092084041.784667,2605277.6146641164,5881007,0.4765486193549524,40216,966697.8889036593,0.27884767228283525,0.26839066939946643,13
lewis-2024,19537824.05133442,0.39412491970620245,0.0,17.521090777164247,1977312441.9556842,2643248.2348786145,4445871,0.7585922131618763,34993,565541.3713657287,0.30240021787449095,0.26680259066773765,7
robinsonlee-2023,7148777.169202104,0.3922613700299565,0.0,66.074031492679,15314737046.254204,2883495.0291648535,4269297,0.9084879258070035,31415,369386.24240869115,0.2517568203880134,0.2660290045783603,10
johnsondoyle-2024,12632529.908557005,0.39593756313280715,552.7772876099478,61.321196945084665,12844051133.871708,2848119.4295980423,4211719,0.43658670020371915,38793,0.0,0.2696510237181392,0.2641998518118803,7
moorecollins-2021,19246428.698909596,0.4031603324590049,227.93718583805259,0.0,226427096.19272757,2774827.5287082978,4171788,0.3019756454923326,29875,1043657.7213933826,0.2855058936387599,0.264615257217631,12
gutierrez-2022,6769075.694262978,0.39367053025174553,27.975357470817585,35.65380847965226,0.0,2700615.791971509,17110678,0.36760945876277296,14866,1699903.0739622302,0.27036201411856586,0.26525613748367205,12
millerwright-2024,2485403.8897823673,0.4182945019944434,627.5977533756268,37.927156747020916,5536222136.810286,2546321.0704104085,787949,0.6635122982960322,23850,0.0,0.30470934832822666,0.26916635050657306,12
arnold-2020,27349399.22674175,0.3848681453052699,0.0,92.35916388250688,1850509804.5942125,2690380.9524057647,14552513,0.9009925920284321,34300,2210425.381082177,0.2503701955591507,0.2686227254061594,11
diaz-2021,14382516.745907165,0.4124432375239985,835.7108266964012,64.27681211856529,11985832089.04783,2675384.8990644263,95231,0.9649075957250521,11553,2130373.750785676,0.22920447224232812,0.26620022307260227,10
ferrell-2022,15074383.222160295,0.4038430788023135,1033.363501478794,31.57735524741389,2980560136.4454613,2760474.795868963,4034180,0.40859899590576276,34629,1158138.269885255,0.3105213456758094,0.2691405667762116,11
blair-2024,13521148.259661302,0.3988228276765626,185.98589076376646,33.165440877045135,8454249162.966524,2886060.241121078,5834918,0.8400547441854749,46004,794560.8796561786,0.3997904865021265,0.26785886567932693,7
bowen-2021,23023167.009162143,0.3985992409821355,1273.9735876447876,68.21009132680703,3188802023.294026,2562461.4548222325,4298777,0.1317193188228667,24567,1050491.0354456527,0.3568881774640588,0.26749870730790914,8
jones-2021,17519899.480869588,0.4084391328963864,209.2880206078019,44.67203490829575,4301316267.8163595,2620201.388689068,10017270,0.996980227886394,33959,0.0,0.25985790723915914,0.2681895802866539,10
davis-2020,40377969.67929482,0.38917779695863636,677.0052955989911,75.77451922676674,0.0,2491960.5659436574,4483590,0.9301231070291784,24836,2499740.091727868,0.25402008954033645,0.2670557349755033,13
phillips-2020,45353440.868678816,0.41887509683776464,1228.3566198729968,78.44185055203384,8499019705.124224,2825623.576961486,2016443,0.9931114206148601,29987,492192.42518411786,0.2591318134674415,0.2681347803119427,12
james-2022,19970746.566134244,0.3912671335839758,13.306413794017203,37.72638233375368,12103816710.891844,2970988.5809934027,15986962,0.41927156516750363,19505,721078.6886571345,0.19857493681853622,0.2673479640287028,10
smithbowen-2024,1287768.9773524385,0.37475754334102795,838.9417323755938,33.046346085340865,0.0,2345908.5470475806,5509497,0.11578235264121517,45619,281082.55177721096,0.25227207445249855,0.2676549295717654,9
chandleredwards-2022,14974299.52632082,0.4032438942751745,1238.763378857982,45.65948881182676,2715028259.931854,2607969.525363357,177471,0.5444219465864895,33469,1289630.945431505,0.2430188639324063,0.2698135304768063,10
harper-2023,9213991.398310345,0.3849837833473771,0.0,74.3589254483544,9547408625.971952,2686373.7765548015,6139880,0.7282094686152512,15345,228136.94388243067,0.3165706922048913,0.2640223923851509,11
pattonjenkins-2024,14586188.621257126,0.39962816922200145,531.0930274056262,1.4824608432112214,12655850588.86813,2626812.0125710764,288385,0.37577595034108713,40805,0.0,0.28283995355944574,0.26757069122620464,12
novak-2024,12739931.383477798,0.3895712650015143,87.20749789417522,51.09197138520849,0.0,2339458.03732731,8605025,0.3920907887811591,7829,0.0,0.30850800304672865,0.27100424797317796,10
schmidt-2023,3381779.1498547476,0.39179308329351115,1321.685215066776,29.74356639093005,0.0,2659906.442610759,665980,0.04171420959045857,45276,855136.5034388744,0.2683807721911027,0.26605147449554867,8
smithfrost-2023,25336282.580371596,0.39306077882414703,449.9114045874453,141.69160069254065,6364901334.794718,2624551.8928071205,2849087,0.440651755733251,31082,0.0,0.3223244785959586,0.2652580952563509,14
thomas-2023,28846704.82682136,0.388602398172736,1269.0768589103973,50.55867909764167,10389579255.677551,2787038.9633708256,47558,0.24414602975560173,39691,371086.4129535433,0.261414629043773,0.2646530914697341,11
williamscook-2020,46359341.03553138,0.3811186327685621,564.6449523031613,89.76060968875828,3616060001.7347574,2782786.5201720456,1393478,0.352407682322986,28261,1342715.5819628795,0.3346713594778392,0.2721259461698265,11
harris-2023,15402177.920257192,0.39634553477387946,353.121068082715,58.45025078348776,2048673657.477393,2745478.8396197124,14481831,0.8008048973659432,40723,1586549.0561820683,0.2745637167679022,0.26219340376983086,9
jacksonlawson-2023,32713772.82153188,0.3937240629263885,0.0,33.86067097447248,10301289205.584202,2795186.2548653926,4099276,0.942563897475164,26340,0.0,0.3543774822808168,0.2659871554538653,12
stewart-2023,36712300.52533944,0.40604610098525495,309.1477621319005,60.352843275792885,4018845311.4218836,2604589.8498106217,7856611,0.540542396002079,41172,275548.56233889965,0.2892620861127428,0.26726388993839134,10
pugh-2020,20052671.948987916,0.38826958333665923,1039.4302227195863,9.330986346508865,5112697135.465706,2978129.5551752024,979503,0.3907885387813681,34845,749550.9028564033,0.2961442221557795,0.2676979636888719,11
jones-2020,29375247.324688673,0.3989450696533123,415.8456141489718,68.19237213970848,17996285983.57608,2705913.08538221,807395,0.26326182382151053,28888,0.0,0.3190182241738062,0.26553809575779963,10
carlsoncruz-2023,15512407.8833065,0.39629866105291905,948.7161862534793,35.88113778443397,7922065604.913948,2689235.9221252706,10621134,0.15459787363349164,21234,1416481.194625293,0.2553223897685197,0.2683702020824195,11
hoffman-2022,42360461.51842907,0.39130355163364994,355.27870252917717,48.01372074049936,1992167752.4185815,2828459.434200534,5088283,0.0029595546800327277,19991,1316651.7411337418,0.3587625545177843,0.2664464683797313,10
cook-2020,10843541.952273104,0.40801978420926793,31.29060383443482,55.53088313384586,11278926761.895916,2789188.9487709603,6957600,0.8085429021029515,4633,1116195.7967957335,0.2498840939298143,0.2628073536575343,11
mccall-2021,34080307.52715615,0.3923414799031543,1085.1540921392705,95.59432888602191,13746795986.566437,2938843.7296742327,10643260,0.8391443353300785,14975,436361.41416684684,0.24117401103015942,0.27124341577136574,10
williamscook-2024,11790987.084241036,0.40065448864076225,575.5090754840086,98.00799836104116,0.0,2748914.65261536,740511,0.1451330156867363,24274,590162.7311729733,0.2602334411708059,0.26520691506927535,8
choi-2021,8113507.449206386,0.37584331793454834,977.0796993185251,50.98395827366694,0.0,2682709.96818358,675904,0.884403247128895,42607,0.0,0.2852961984134036,0.2663290770919462,12
williamsbrown-2021,13395090.046269165,0.38492637521563156,372.2409693850436,25.367740423774798,12011256357.991678,2726142.485662195,18374585,0.25551657252485604,23366,0.0,0.19697721452982078,0.2633270148645093,11
mccall-2020,7255209.514598773,0.3949273319010599,425.03871575742136,29.625805858772303,5419804091.155143,2781415.8014084166,1580284,0.566300195045093,29093,631284.0160889407,0.312608640863033,0.26715832944125695,12
rowe-2024,14712847.361374512,0.38661003513459624,753.6919323746159,15.228734608865032,4983244853.497172,2718975.368690185,4304823,0.9644339869349214,12347,213662.09666392556,0.2842749002814048,0.267003673531499,9
brooks-2020,32156087.728939224,0.38354831634930897,1094.44863292819,61.03706572533281,0.0,2956629.0993334847,2268913,0.4573574092420216,39415,123971.40943173418,0.3441139171880214,0.2661395223285872,11
avery-2024,14235096.266638275,0.392379365921019,1005.5262573747968,71.71827621909989,0.0,2894740.571975025,5396328,0.9436280535999835,40599,0.0,0.2610846896964977,0.2643356365520687,10
henderson-2020,4104156.303430846,0.40340776017106256,1285.4951760608665,89.27839519093575,110750432.14894629,2695848.9201985043,5536046,0.9402404938649673,39079,1806161.9360687025,0.22316630988996206,0.2654176423392217,10
bennett-2021,14588731.869744599,0.38423093329233743,788.7552846044156,34.762757974965616,4089625667.8028145,2795127.211344607,5735869,0.6442562928096462,28989,552396.8886310365,0.26296341278492086,0.26612107666165885,13
ferrell-2023,19593244.4567929,0.39043459191246155,941.7114139072452,38.84576262367261,12716765388.270151,2771915.3260400444,4977290,0.4356448357682243,15267,0.0,0.2250275644316302,0.2669680171701644,13
moonwhite-2023,49367757.10151162,0.40169903245168154,831.792228848359,0.0,252366034.07697868,2619822.22374572,1551776,0.7945862086370461,25585,0.0,0.3144363742655391,0.264405125796401,11
pattonjenkins-2023,46565357.777086355,0.38290626191191196,0.0,40.240064580268616,12192523500.593231,2980681.2632153044,2508463,0.6457006322638374,25649,539457.5369548183,0.4017547111296154,0.2634981270044134,11
burton-2021,17931487.384454645,0.4071016216920931,605.9893424465567,57.56281007388263,1349487215.1866894,2758706.985218605,3403827,0.18120486186419438,26548,894885.2992929546,0.2786526388749504,0.2690405890348292,10
barnett-2022,21095821.94087897,0.4007041915677297,601.279775213187,42.82557557096202,3095690887.247383,2697729.817058499,13255642,0.061064553055171444,2406,1100026.9056096938,0.28896632775059683,0.26662722514496107,10
graham-2023,29632156.674511746,0.40543331147652323,117.87376365811701,60.44971914175319,0.0,2542051.432138776,1512624,0.2139446880667606,38969,994943.2204685942,0.313385917214029,0.26775486604400506,9
holmes-2023,17293876.455544792,0.4036581275315534,973.848634684433,83.24893136252393,9340079739.49148,2769524.521182425,12831277,0.40192071653366845,21737,497429.60563843837,0.24570210655873972,0.265243265882945,10
turner-2024,4530010.915660517,0.39028398759095223,0.0,54.799683518067305,4203371197.5125937,2615971.3769537564,10090411,0.5363324715195166,14923,56200.77312151971,0.2445860267269964,0.26468517694709365,12
garciajennings-2023,6139914.902226396,0.39080823629548916,0.0,67.10890597782604,0.0,2731217.527339162,7543224,0.35070598496410277,17728,0.0,0.2884650687430769,0.2704624775241168,12
manning-2021,2299409.3720753286,0.38767609651619284,636.4645713546226,24.598084352466046,12338329299.759018,2723369.2096421765,5630994,0.10951009199080608,31476,1224522.590207538,0.24007432656400737,0.26527923528587255,10
snyder-2024,14395267.314170506,0.38411443937006257,284.14924568720687,74.07734843394317,6101987994.488073,2748780.94090391,11368794,0.926549053379329,33686,541463.773029145,0.29221820011848093,0.26543810354384345,6
moore-2024,7201338.929207495,0.4111675654907085,1070.2116999054924,76.73116722030944,13174472411.644691,2734992.169170588,7009189,0.13308525789681802,27051,1070499.4852504788,0.3354310021980608,0.2663726881050802,10
carlsoncruz-2022,9604273.981253885,0.40125445071675814,0.0,0.0,195244993.40673018,2562932.6530245724,2303571,0.8819130876896897,25762,1686141.5397521253,0.29504445875840846,0.26730012223656713,11
snyder-2020,10704821.315855462,0.4065384242017742,508.60428370014716,68.13133742856894,0.0,2519168.2538145822,11148618,0.12985001948282537,21548,0.0,0.33181890892732036,0.26415916622829805,13
estradanolan-2023,6458688.909545967,0.4017031450005369,366.8800656631265,66.16905581236193,241903699.3255024,2701949.9807160697,5965974,0.7821284358169334,36976,239791.37784282898,0.2694744694603007,0.26457039412418204,6
deanjimenez-2024,6189795.91846659,0.4231117817718396,990.8389811535585,48.0183638042529,2284846424.128596,2726294.1606552843,9342491,0.5481458368246304,40483,1143792.7468968863,0.31306775410599486,0.2675910546889092,10
sandovalcunningham-2020,21588605.266774233,0.40114111488993603,352.6309586400174,31.853667391494355,4934547999.676303,2926893.062214381,2572214,0.7776841661327683,31566,654857.6672769283,0.28798124959678684,0.2671809651652485,10
martinezdudley-2020,36151658.13166408,0.37468272015441195,86.6992361688977,45.56907230892596,0.0,2700233.617076334,16775572,0.6052242097115328,32185,0.0,0.2516205895607526,0.2658756832455504,10
wagnerking-2020,32440145.889163446,0.40072936942643006,0.0,55.768124424400604,7813940585.578857,2873164.8074371377,16235746,0.8374777122461716,22404,0.0,0.2692249165085519,0.2676498364460961,12
castanedarodriguez-2020,8241037.1850797925,0.390140565456954,636.1300215452968,24.227080242189142,19374045678.12053,2512085.1551909284,6925309,0.19369209185210678,30083,477583.52820366214,0.2635419767830147,0.26628636760978835,13
willis-2021,29831544.592237473,0.41250315092650736,0.0,40.80436930924682,1076372544.9981704,2800681.628613572,4966975,0.49763686546570085,49029,0.0,0.2887347279100369,0.2652710856984828,11
holttorres-2020,9936171.98732656,0.38625950943598586,824.5213447862986,101.19512089371817,2807795486.192801,2817922.7538527395,2933518,0.5859294039794629,34455,1709428.534012523,0.2963736681940623,0.2660066823891602,10
goodhodges-2021,12693637.292970821,0.4012943736083825,1045.6157447034711,35.396963208000265,779997891.219183,2758280.0839320356,2779968,0.23205128939082176,49737,435652.68134008953,0.2635007803564151,0.26530152867600987,12
sparks-2024,6364544.76244301,0.3861643515950456,1291.6580098150998,89.97588325469997,0.0,2478066.8243360166,12413471,0.4203135677442216,37443,0.0,0.3210982678184702,0.2641132920436082,12
graymayo-2024,9849280.357076839,0.38248930668673886,322.9270400528113,68.59317173138773,4963883154.111312,2800137.5683676694,18876526,0.19244276570789687,45206,694199.649695734,0.23861687466004244,0.26386211929353864,10
george-2023,26023263.510143884,0.3924609307706661,1398.0690214053311,6.263451460421372,4106794002.635086,2558769.5664686793,8118572,0.3189844609065986,26067,0.0,0.2891602605880602,0.2675873923769874,11
crosbyramirez-2024,31622663.452215083,0.3810761495145282,932.3296340246678,83.35373717154364,0.0,2765346.2751811654,2329988,0.16605252736621567,33284,258911.1691201309,0.24888806361735316,0.26673866628457543,9
young-2024,9759954.653246835,0.4021976458319353,0.0,68.0097943939861,7555103522.527524,2496560.0614416343,1173455,0.6364760450526035,20805,275705.31370141346,0.3012748812084629,0.2683181988711282,10
smith-2022,1055747.7631822526,0.4111630010492622,1525.7194446585509,77.12367979234374,4814406766.701719,2617130.763152837,153698,0.7564052314969896,33948,1648712.120618687,0.30994897134303906,0.26349789516020383,12
nolan-2022,8195553.637052186,0.389366817365256,691.3066664124306,106.7740290064408,26786584045.781773,2803069.254056651,4471049,0.807829792890578,38355,381466.8778428065,0.36265773818754476,0.2671516984146993,11
joyce-2022,21464953.625306543,0.39908706746056216,1021.2943090314714,30.580784185687097,138836928.23882103,2578774.7634118376,8624645,0.8560476315714034,34318,1849507.6871319818,0.27974233994357234,0.2680764978652695,9
beard-2021,2694816.325388681,0.40239269418198154,1026.9898692849624,40.00787004003549,3674482037.1028905,2523883.772716143,3311530,0.3339757436600088,35420,985804.793467256,0.28229175266192635,0.2666815571124934,9
warnergibson-2022,14753278.375229571,0.4086239008945219,697.500349309372,37.811811079392115,5236258018.519699,2489933.4364961153,8418876,0.8987045884072544,17316,0.0,0.3312320201637215,0.26534006295184237,13
morales-2020,44209.51745957136,0.3733981950780077,0.0,84.6164928673391,3062093392.3072443,2651293.5753932656,6760403,0.6675007807629916,40512,1683221.6571903597,0.2634350075639928,0.2638711126839899,10
guzman-2023,14234359.52095779,0.38237081977957815,14.58901315596961,58.604917504239445,3841179548.2466416,2727651.732992837,633621,0.5276035948325326,21340,1272423.3444669563,0.3276664589863508,0.2627745609111803,9
coffeyphillips-2024,17080749.973575275,0.3861564975688188,504.30320107957715,6.308080255836231,0.0,2591415.6404184974,7075570,0.8130309592608418,23241,747519.4226052975,0.25482895863189603,0.2660939674088969,13
walker-2020,33488562.670890473,0.37831862574312786,1016.1331989513529,72.24047193208591,0.0,2830934.570014547,15951532,0.29826917326729996,21403,1366210.79106134,0.29250058286867725,0.2678292807368685,11
gibsonmorris-2021,16559012.462382473,0.3779941472727536,1138.0892756897829,82.68545809530261,2528207433.501858,2717628.8533324692,4519951,0.7209858192609628,35391,571654.2304394394,0.3317691164020251,0.2659623700238008,11
anderson-2022,8580639.49099053,0.39371580838356335,453.3448211545836,55.15002021516661,1510189621.5637045,2706065.667942461,11203031,0.6426337899046617,14932,1904760.0680910503,0.34360692248210745,0.263942337698799,12
novak-2022,629344.8533606268,0.3971793638736088,715.9819784875231,41.74462566997035,0.0,2632600.530584037,418266,0.051533717931574685,29388,90757.51317481743,0.31140403545926615,0.2698020568614601,9
rodriguezgraham-2021,13862245.004378747,0.4000294416405793,815.6262368011346,50.794869504528165,9589822501.127989,2786712.5678232587,2562578,0.24294540311983148,38351,55787.749162576394,0.2817467891229088,0.2681072506723412,10
reed-2022,28720681.85551282,0.42252362609611716,110.52655395431793,8.308486781222562,6401700965.43857,2818159.884861424,4153077,0.7478209032964269,17448,1127264.6748774645,0.25210407290737663,0.27029143356145763,14
sandovalcunningham-2023,4070779.860469822,0.38736877843505113,1032.8671238492384,37.29119944657109,3864724728.8158,2726678.199315654,7111810,0.45631272340330575,23542,254574.1678524674,0.3464698091335569,0.2640177175455821,12
garnerthornton-2022,4622352.780335263,0.3906242788217531,994.07171286375,58.49595794445795,8339826035.875721,2850567.5986346644,3483096,0.10986286937366518,19828,10076.533201952116,0.41578650452199006,0.2692906816214878,8
lucas-2024,13977931.508822694,0.39981442840261144,857.810717679327,64.58555302781575,2342490405.575955,2706856.5153804095,7880092,0.883998310414035,9178,448327.6413672565,0.24079830383062859,0.2670360447705472,15
guzman-2024,16145218.682753885,0.3902167995275674,1067.7377184958796,62.655267073850716,7246385957.052122,2803086.0128427283,19410839,0.33405001133472334,34467,0.0,0.3055777230519426,0.264729905445353,10
ramirez-2020,4334889.51717858,0.4057746753703017,1065.8616998141742,12.254653463139888,4593682295.119759,2630098.7113179876,2701604,0.5849981292531363,27122,2402994.9136837022,0.2999349674190326,0.2637623939687386,9
russell-2022,27801006.114853356,0.41920015817776674,0.0,0.0,17786220494.011887,2774539.7714305907,98763,0.8083591431568191,5267,619898.1454743478,0.2950940203157455,0.2686151992094808,9
gomezjenkins-2020,11122235.57868915,0.3828333799416228,694.2120344858743,22.471537482507024,1229969863.514707,2592485.547820647,10036319,0.19703828073949037,27816,645550.0000218741,0.2133018424280998,0.2660348928204893,10
austin-2024,56310463.40985693,0.3805824693393622,1371.7381284388784,77.64858415811247,6233294186.603546,2954435.873920465,8175093,0.1845257316766329,29520,1517717.6777647007,0.33048523482238057,0.2653476231275173,8
sanchez-2022,5976736.0919782,0.38434634866081163,515.464615365091,84.66392233281317,872551063.6593146,2717714.73637456,6080060,0.15406748436296525,8919,171003.74767272692,0.2897282317551178,0.26919665524956454,10
stafford-2024,23854662.68550901,0.40147773731978237,194.9507756892429,13.889102632826635,0.0,2699094.1988851586,1659188,0.9426999865117054,38443,1555468.8018603986,0.3099983252702858,0.26426821468008127,10
hancock-2022,9478620.769006485,0.40122534202466237,925.6733769132579,27.17135774842449,4790269875.223239,2783431.5424113167,15403835,0.5368620047837602,37429,679094.1627270087,0.3449424160361391,0.2675305224904206,9
wolfharris-2023,16687907.23626678,0.41583196341198086,428.8557542452245,23.86283961059957,0.0,2580157.3151778965,458415,0.9267667666688797,16819,628906.4303456544,0.3215439609145927,0.2647529486070944,13
cortez-2020,18699724.974515405,0.40643548260456897,182.35517651848437,73.49811191253772,0.0,2840326.1620549974,6839254,0.8882183446733176,18979,0.0,0.3074984522240361,0.2646673735281177,11
martin-2023,14774349.20674384,0.40423447929680667,0.0,64.68516719749587,8739503245.241875,2631781.7684397544,9575335,0.6325357441779618,24959,0.0,0.1896339269199987,0.26740379368896844,8
gibson-2020,11294372.147001062,0.39082110671014464,931.7280349087682,39.772297991244606,1801344122.4982934,2819514.4475421924,7927975,0.8714584765147437,34426,0.0,0.31484516759970665,0.267957864256573,9
doyle-2022,5244132.083650984,0.393525699301593,475.6848475644485,58.315417687583746,14592762676.724125,2865493.0018920265,3059896,0.18334091697505706,42498,902028.5488991626,0.33023251109445534,0.2709089052511044,12
estrada-2021,14038785.361488517,0.4066105417868383,632.2793124207449,49.27701711401707,1641769086.55932,2928784.4208511775,233847,0.08706380644547451,34713,0.0,0.29692784468237565,0.26223942205939454,11
harvey-2022,25374101.95740471,0.38685234722545897,620.3182123948292,105.56358818037697,520622523.267653,2584194.8340162733,15576203,0.9320179493922822,30053,1361649.97888,0.3417661896164298,0.26510137246561105,10
edwards-2023,31535184.14842987,0.4143321953116762,866.5634865993078,22.924452535264766,18629598178.89113,2653569.0598931685,3457553,0.9837368991371322,44614,1245770.840109225,0.2991018421307459,0.26764336464600313,11
garcialozano-2023,19543692.182312433,0.3634771075817118,384.8221702473484,55.61699175956302,0.0,2774107.3316342095,4329141,0.04384055170714518,44791,274674.23072015826,0.2730549102029537,0.2665107715101685,10
james-2020,13071180.741725994,0.38485020268327863,0.0,66.73837318180261,8767824950.555487,2617649.8131833673,11665340,0.19280483517126923,32396,1221024.4066891288,0.2784523612977707,0.26762534468508564,10
johnston-2020,6092849.013079676,0.39151600077916393,132.61447551020547,43.425233071836665,0.0,2658801.2857653606,3792818,0.41705270797449345,27751,571968.28292642,0.302075145273386,0.26851031053797675,9
stricklandpalmer-2021,11852175.340802457,0.38142618933211264,277.9938320849224,38.317910006633525,0.0,2553024.058359816,2650557,0.29368487877918525,35607,207261.99241794163,0.26098415223236504,0.26471301509347755,10
hughesalvarado-2020,5528365.446972581,0.40091563673057146,0.0,38.093132975603595,6382005072.290604,2747499.0201865956,23656433,0.015737772163888053,20590,547171.7537526045,0.19821547702184483,0.2664967474755891,9
reed-2024,25911682.01427425,0.38736898189179,485.622960498972,30.04701710215135,16826481039.35028,2681128.665196789,17916777,0.00706482725220603,34546,888728.6707092712,0.2981317892557444,0.2626027760441441,10
garcialozano-2021,24659792.168507203,0.39340998299115404,0.0,47.05187663647215,16574070289.132488,2887191.4714987525,5279443,0.595851804853222,26577,0.0,0.23743438935006675,0.2699615254919877,10
sheppard-2021,5256547.084817912,0.3903820076508585,1618.3343788591792,95.99325935720077,20312919254.756428,2702442.451672116,7664941,0.9883188379382717,43888,0.0,0.289981096507627,0.26435334982028025,9
watts-2022,5329328.031749427,0.3866650838029279,248.89290826405266,32.59238166251324,10248359303.27861,2578156.028783329,7164112,0.7387533644084883,25199,89168.99114522291,0.26938584916412384,0.26915374578102436,11
vargas-2020,125975.73099588044,0.3998386891452669,0.0,68.44856794406343,7162937441.109245,2682894.0166742653,99392,0.28678995295162846,35041,1521699.5533402008,0.25065614768683925,0.2676330306882394,7
rodriguezjohnson-2021,825939.7716166675,0.39362522792994525,41.19444154474979,21.2713028256415,0.0,2761737.975781685,4443485,0.08278140307109538,10104,170882.4265253035,0.3010734729798653,0.26087441787643034,10
guerrero-2021,214502.4206720721,0.41075235350928196,335.2661196611887,59.74802884310832,5220775014.525573,2443372.065674418,10817220,0.4393614129023442,34792,3506344.159105577,0.18404023395963726,0.27030264645740454,10
davislewis-2020,14716496.83477955,0.3934508272883913,313.28646633286394,31.963567591041347,6588326711.833332,2523975.7637227317,10699635,0.7308455060902719,19407,286294.523695375,0.33788349683054175,0.26553808120908284,11
jacksonlawson-2024,3434422.2958750706,0.40314545074089536,935.2955828964188,102.4857716864745,2919231634.6703095,2811207.4778195405,6347172,0.072874063491712,23268,1165590.1144696185,0.27103546327554445,0.2665313461076552,11
pierce-2024,14091044.669581952,0.3925975242848054,671.4162678697624,94.59821119374118,11353402711.588997,2837554.420258369,2654434,0.29776785947005147,38990,1262010.569049655,0.3478068500134,0.2653933637062153,10
kane-2021,19628919.2044065,0.38926425426570543,1109.6455836987811,34.976909420459066,8847372640.823944,2698308.6848791065,7854595,0.40610783986224464,30819,0.0,0.27139465464122997,0.2632293272572649,12
chandleredwards-2021,23452138.340287168,0.39963107723864427,1403.5906517008425,20.909420697458323,16888315253.820534,2845837.8777387966,4115130,0.38565058621131243,19630,10736.082023996627,0.2519784248013444,0.2655514837407081,9
cook-2021,31396301.731110636,0.39087653790706145,748.648261012538,31.948449839039124,0.0,2758829.2479265835,7062328,0.2213241449887784,17169,2079654.1544002285,0.3219622909777791,0.2668896152344106,13
tapia-2020,5490707.370319363,0.400557884413572,663.0633095136868,56.278873860533594,13437612396.293179,2819596.103241043,7618910,0.5811685272269891,21003,527125.0855920507,0.2842991869684261,0.264283988006683,14
garcia-2022,36624566.00337795,0.4012654501778713,591.4465026279975,42.391947625006715,0.0,2733523.43103575,7412323,0.8095143511740086,33157,503174.67755836877,0.19215794334639308,0.2648528158008455,10
joneshensley-2023,43242869.281070255,0.40071563853928716,0.0,62.75290709466569,0.0,2865614.4642129396,2550476,0.11410489915555821,42469,0.0,0.21567184789590446,0.2654363312585378,12
dixon-2021,17487459.4786774,0.35982584402906265,298.1964501594017,64.66886263789802,12913902648.58413,2662479.662516435,2948682,0.4640450976930808,12460,331540.461039842,0.288767774327096,0.26761370288456604,10
jackson-2021,10208773.6752086,0.3639746415278115,182.12320974790816,61.804397004094724,0.0,2731092.900430096,8673814,0.04666576775459608,31620,0.0,0.27048690227617767,0.26795311530731036,11
berrymckinney-2020,860048.5759355947,0.396705503319305,951.6072190770751,0.0,12614695154.01923,2679155.9968888815,8531185,0.6499309955721504,17138,95407.0300308197,0.26671422031756775,0.2650143691660466,13
marshallpetersen-2020,5677087.498593621,0.38729650450561337,665.629603577754,13.525099948426735,1320195745.8943534,2765057.369853982,3472744,0.11517412580926667,25048,0.0,0.29480726343348107,0.2703663904317072,10
gonzalesharrison-2021,13610192.869529888,0.4023587270041852,0.0,98.22563881822325,5664429407.272546,2937778.33568668,803463,0.3122354591259402,37298,1024341.9043426812,0.2907752950724707,0.26614272233543373,12
tran-2023,12096775.844037924,0.37026438783909343,0.0,43.16070387517346,6446598324.618061,2715905.9140242543,13823958,0.8514551580425849,31367,0.0,0.3149797809662786,0.2664675302116746,11
wells-2022,5803838.5994478725,0.4094386412113046,1134.9543876102248,65.59625860513125,3253737383.2795296,2799538.9211573154,977828,0.1846213935803025,45509,1405170.7878751839,0.24640657951961376,0.2674286012722738,8
kim-2021,19797712.433929555,0.3994371981971875,0.0,14.70217062313862,2137754554.580534,2683807.1230334523,2374572,0.1837518195147636,32380,474471.01852715417,0.24520074600758437,0.268877535411951,13
wood-2021,36242116.17214319,0.39449865501872705,799.3717217221974,76.32736534684561,0.0,2785559.2073644456,3907777,0.14694827774911623,10042,544500.7569353175,0.2522440526149009,0.2675779569814059,11
wells-2024,33312342.225134,0.3795589707378701,1051.985593228341,74.61869817218327,17485870376.116966,2669506.586029284,10444449,0.3002955082742442,24219,0.0,0.1934378374663675,0.26816919555133434,7
freemanchang-2024,2958281.197188099,0.3992768319198237,654.8604819312416,60.98605005278466,5809436309.137619,2891393.0705288965,659228,0.3875729572303803,22763,1228270.4274363816,0.3214574643475177,0.2676179331646555,12
meadows-2020,11403698.905453786,0.4141175305709428,1404.8419039476048,70.03087198375368,17138473106.17221,2505651.214449975,2194792,0.637622499831076,36794,0.0,0.31487769589138614,0.26955601055374273,12
gomezjenkins-2022,14652721.160473177,0.3820798436166447,76.41189233202073,85.01911583171761,9856186518.750507,2718214.5879332637,2905438,0.1718245784931991,19963,2023838.5609999145,0.2210433980377103,0.2670661252038001,12
garcia-2024,12774115.929118678,0.3962288057121035,1076.7696000419028,48.94448251292108,25032097282.669403,2504077.485444173,12755091,0.7746111789342944,37268,942128.6972637286,0.24624295362676288,0.26714943345075554,7
lewis-2020,20347741.404454105,0.39759772391305526,909.037622659795,79.43492388766325,6865184422.907536,2742801.8880289285,183980,0.5386346089953316,41163,1674271.502928921,0.269036572189907,0.2667636489732969,9
jonesyoung-2024,30499237.52907349,0.4020292404604109,1639.1181121486563,22.9679384255755,1448579704.5735965,2753755.4606188266,10005324,0.5907849545250925,21821,1265955.0043638954,0.3132035655850564,0.26473499125413097,13
jonessoto-2022,30453638.78929644,0.3956204863342814,595.6844271437633,64.7364259420057,0.0,2727288.326636111,8664063,0.2742489434901767,15355,1723632.289691595,0.2648001294066796,0.26622043348776253,9
pugh-2022,4460574.212447073,0.4111166836564677,0.0,85.81654421322526,6650181989.44669,2564731.7080035163,1479651,0.7047022437611918,21140,0.0,0.3323658940603662,0.26738039879830977,9
hernandez-2024,13456200.286694653,0.3816227731902455,1168.0779775032593,79.52977145872504,8059367362.789502,2770866.554866089,17440723,0.5143093911076222,18920,948137.8084473356,0.37604881915417226,0.2645273658161697,10
lloyd-2020,17018007.94178562,0.3933495580826347,0.4909993634773855,81.29358027365913,21048524988.43295,2749114.9163687364,337397,0.12691131867830308,32441,1429648.5210348042,0.30187836605179047,0.2666615989250425,9
ramirez-2024,9872938.395646974,0.4040725122736211,1063.2369880499086,3.50623670863245,15743982248.24955,2798778.5956355627,15028778,0.2399291658120304,17193,507802.6739814669,0.30314993350850183,0.2704537277999624,12
williamscook-2022,5269072.7482004985,0.38161533391387764,1240.4826211470536,20.449013342054684,16024606393.282257,2685972.0552326613,16302726,0.42718504509961974,28732,235242.0633475593,0.26430342255860806,0.2675696375385169,11
perez-2023,989816.943226045,0.39200141148542217,595.112252680315,0.0,7522971392.889903,2594600.423738008,2000069,0.7203568182102504,13173,0.0,0.2473542235056106,0.27078449849008,10
mullen-2024,48186957.328377664,0.4083657337828548,670.2172775674974,78.52710727252183,12228415811.923475,2649235.7270011725,248597,0.8507634357105087,38110,719735.227644051,0.2073896291273299,0.26497416413057145,10
morris-2021,8246124.780418271,0.41780164566305567,0.0,63.32307476338472,15012260246.509499,3021824.8880380336,2995569,0.6231017363091933,35369,761250.102023089,0.2754488251546394,0.2675857834897328,6
vargas-2023,21752742.26757802,0.3955225234668274,426.37330869012914,108.26687599495122,0.0,2670375.261221228,18977333,0.05255906042200431,24853,509232.9875333983,0.31871032259251114,0.26710475281782026,8
rodriguezgraham-2022,108965.90794610418,0.3866713683584047,507.7877736533535,60.99767897175887,7232665265.06053,2489962.8030329156,12789860,0.5987713632331513,43021,944256.027217078,0.3307087170547628,0.26765023054390336,13
brockmcdonald-2022,18903973.423682556,0.3928185073920003,1824.764672796363,74.5044850891264,8362574230.39147,2555627.513235887,2900398,0.7709362896497618,31385,165542.43364646938,0.28649133097065593,0.2700157862965961,12
winters-2020,10743597.647409353,0.3926544806883275,99.88805439061525,37.27459952784176,1189907465.7476978,2660576.344170923,2679128,0.9682199167894892,24754,0.0,0.37452593063693834,0.2689619946363991,10
mcdaniel-2022,9930312.42110266,0.379862253318296,1501.5189508864214,103.90528535060261,5332913943.723578,2857840.4115486145,6862249,0.2167618889079228,26151,714487.1769802825,0.25907105132445674,0.26620570508362973,10
davislewis-2023,8419036.050507732,0.3877831262657867,1408.741050171045,67.96939766681606,0.0,2513407.3470194875,3511719,0.6002660038827659,34678,223527.86036818085,0.30355120907856264,0.2707463295932447,12
yates-2023,8737686.149657946,0.39179001804558283,351.1554911928355,83.00770494440857,0.0,2729284.5504853977,6034536,0.3638020634706889,17130,855059.4139349641,0.2771911662003385,0.26772126617414094,10
turner-2022,31355985.743030444,0.38342042450974395,1510.6648212486107,0.0,7352996507.812994,2785816.603925708,386408,0.33562648081626634,42034,0.0,0.3031481092941309,0.2614103902560803,9
walsh-2023,21697083.707631953,0.38419716127098913,523.5891620801129,43.90387070713454,6598079790.250446,2914012.7822497594,11559025,0.10456749123373799,42945,847817.3927413265,0.3116348849313412,0.26975840626468056,9
lopezmartinez-2023,8956272.681319868,0.3875872129547787,0.0,58.690126359650876,22439789679.23334,2481544.1259764405,5477708,0.2625603356406856,31175,534174.7076770497,0.22017958628380915,0.2671574242111887,9
schroederkramer-2021,29440460.720095,0.40841452612728624,1088.2431483561963,50.086443533686186,5858724651.407801,2864514.193552948,7189448,0.3924454982950287,27225,1582773.419234733,0.29477008401329446,0.2670757640841181,8
burgessthompson-2024,14709847.22192787,0.3839612305446031,193.31393281695398,24.803497547424687,0.0,3002550.4245187994,14573491,0.7509629409949365,18535,669843.0262385112,0.22044243633175029,0.2652000130876974,9
hill-2023,31690430.744771156,0.3892189015219371,1149.8942714335014,66.19627563313003,20929373053.8364,2528933.655591863,14092522,0.4320542004475101,20878,1358464.1819809312,0.29547727639722043,0.2661871046032871,9
pollard-2020,3223252.818590291,0.41873402178864594,551.4527185268754,71.38705389496346,0.0,2620864.3818610716,12910218,0.2718711718896407,26120,642451.8480963521,0.2851279796854239,0.26628910487047147,11
mitchell-2022,21945007.304196984,0.4028644910884778,0.0,40.29398537289069,12873956036.66066,2840904.308767896,3464386,0.022941755325661006,11442,651949.193149721,0.3673797554224073,0.264668333357296,9
hancock-2023,23213683.320411503,0.37538381251081443,196.412194652268,65.9723326599986,0.0,2692334.048617867,10656989,0.3234137358071765,32524,367887.9247904724,0.29703889331947053,0.2664058152732585,11
atkins-2024,737056.7064147741,0.39179703466502236,0.0,47.559171689383184,0.0,2576949.2380544893,7418383,0.4279682876053226,37371,300191.80980767077,0.2987881640061117,0.267827849905384,11
robinsonlee-2022,5122402.25617736,0.39580229184544213,755.1698366474985,48.789325407965514,0.0,2744431.3534229724,20451326,0.9716613205078215,23182,892124.6958630788,0.2943829729302919,0.269181173178729,8
jones-2023,22631705.921481576,0.40112431747159333,471.3971780577174,58.45618413595647,11673096873.735613,2837969.767766186,1931278,0.032822792426491,29411,671035.2800289898,0.2833702425613609,0.26634992663528423,12
rowe-2021,8102591.655543394,0.3804910162303407,330.49737953044746,53.79077062516674,13124231657.74966,2802592.4626997192,19685,0.17314867742956963,32505,1555848.2520339459,0.2730145428901182,0.26779108668291757,12
lloyd-2023,31309166.865348056,0.40675871615628323,1039.9345040608498,39.392013289528755,41171042.11556816,2767048.7341968543,11917295,0.5605385820161866,40022,1686251.3293696926,0.2378094164928843,0.2649022829033684,10
colliergillespie-2021,15078054.641312238,0.3876703213066247,1308.976633408311,60.94586724301779,4481176693.730804,2534654.3909039777,3083886,0.7207352581234812,9992,1362514.0846421989,0.2727180501513497,0.2735037069650657,14
wood-2020,6360535.993855983,0.3927168864195133,1109.0912532879947,98.24482481271224,0.0,2488600.9457046934,1543857,0.014667732123298194,34685,1404553.3735625157,0.2247617775604649,0.2617838066695983,12
robinsonbrock-2024,5167723.890365653,0.36964395150143564,632.3779111940404,71.70914813900089,3307931306.8499656,2663177.82121212,4630032,0.9264465782117963,17360,91551.67213540722,0.30400152927350604,0.26734482457676695,11
winters-2024,8143644.684833348,0.39180989526981475,0.0,53.784412161989714,14574535535.42096,2529631.698018526,1784703,0.9269968092215053,41784,287610.31376163603,0.2481264012238697,0.2625158122214327,11
whitegreen-2020,45994840.050844,0.3973467410284109,538.582681070083,57.971979090296465,4114036290.89068,2616506.760374893,11184573,0.4838107783611312,30184,0.0,0.34001801236851886,0.268067983094813,10
morales-2021,27452377.1635428,0.38799607018452303,112.75875895207884,26.426918145809356,0.0,2785305.656393092,6521297,0.7524067947715509,10527,554084.2764012297,0.27307872624108415,0.2659779305755861,9
jones-2022,11300187.18048646,0.39960331083349754,242.48685074370462,57.80506651741682,0.0,2747134.7915804894,14386315,0.029369306698567854,26146,806661.709374859,0.26891894320874066,0.26668327955467874,10
ross-2021,6665590.369549509,0.3965592207339143,0.0,18.95678760238584,0.0,2513056.2378436495,2426638,0.19949392494395646,21635,995332.4916826363,0.28159834102343856,0.262516695401265,12
daniels-2020,24047337.669127412,0.38200757342352304,786.5864374685259,23.604354745012166,4904139439.507816,2557178.8976958557,6267569,0.8739804325273686,28857,324801.31950253935,0.2254831390380349,0.26582360541966693,11
navarromunoz-2024,2508401.4979936825,0.40893412741003665,763.9289264076349,20.35160862784534,1940387035.4623828,2642616.0466268444,958508,0.7135267708947985,17137,1801157.0412034267,0.3181345587331364,0.26896640499418933,10
harrison-2023,4475084.73127478,0.3939149918059636,430.2213044775367,37.73655614055181,0.0,2765329.5661906605,16723191,0.11554727522770225,39373,0.0,0.2872638821620018,0.26435321111996085,8
diaz-2024,3584421.901813993,0.40838203246427557,1083.5517866762718,55.66606214027501,0.0,2697549.478809375,7705466,0.2684245145130708,12704,0.0,0.2770496381748007,0.26779726717501173,7
figueroa-2023,6705005.52068173,0.3957260954788485,1027.2756546575815,68.78385387888974,8426697134.865262,2618224.7491428573,7033960,0.8300862016329831,39425,1642719.7089624628,0.3127161375587877,0.2675717965950295,11
johnson-2023,317945.78122043796,0.39243062974347437,1486.579805603431,21.09483615878153,15925157249.007614,2681025.4601883492,14534090,0.5173341641289109,35521,75298.22567153035,0.21483620486789928,0.2671273768802016,12
smithfrost-2021,5466206.234096348,0.3759121501411131,499.5912111903197,46.03036982107787,8177876090.93374,2848124.743134541,5296711,0.4727992113666808,32125,362513.4672966213,0.20579786641745124,0.26611293177778245,10
bass-2020,26712282.719579346,0.3995805505578186,0.0,53.602969412793165,9072945032.735933,2924135.001950333,11612968,0.7784710808175941,30583,903134.8145023491,0.3375315260826971,0.2638569252066485,10
thompsonjames-2023,48526356.92661659,0.4008840152475585,225.61790094662,30.751894364779513,3519421842.1038427,2691869.930006039,13142672,0.3150820748432932,23148,2008402.6313918387,0.28227032607823044,0.268287523021045,9
hicks-2024,19721294.828445874,0.38133435028801693,1314.7834881079339,96.42062073705569,27092696391.81367,2575707.765779936,7313131,0.4132223031539546,35213,214048.10492447374,0.3685620951555188,0.2650336349233855,8
morganschwartz-2021,14769368.13596889,0.401150202641847,0.0,30.21245124821039,647553940.5764656,2806565.157588511,5843985,0.5119652746888783,20769,763603.398238026,0.2763594661868077,0.26544576584375595,10
wright-2023,22004047.95990344,0.3877532716274377,501.69505108275655,111.85574778630388,0.0,2479998.1321347835,10919826,0.394639913293652,27030,42638.78333479364,0.2680379031995733,0.27003668090720667,12
russell-2023,24963985.193469774,0.3769111210107215,0.0,0.0,0.0,2849058.860187205,9141230,0.5657165611488035,29809,110531.75838630507,0.28942780694729936,0.2682812798490732,8
davislewis-2024,14936078.977651073,0.40525120905574685,318.40719918480113,69.01255800643935,24641641072.845528,2709630.6959047006,8316515,0.6494311429243425,31721,956082.7760765769,0.2889712150588045,0.26451696018020426,11
miller-2024,35658485.332182184,0.3994134556028237,1090.2617079044612,41.66868760532766,9642256284.87076,2760039.563331515,649852,0.8816007521296672,20706,151740.491559382,0.28871732991445515,0.26729331261688194,8
smithbell-2023,28382144.79035843,0.40090210374883245,156.071258725188,3.7437461137817536,3141956273.3373985,2664742.1705809655,6447713,0.9584642238957766,11167,331668.37039507274,0.2659282393771641,0.2680025414018416,9
garciasmith-2024,8799724.672680229,0.40118548049717817,220.4352838267065,44.72591741584978,4719683803.855011,2526203.3422749857,497935,0.30959863243437447,38341,571324.1792919731,0.29119424468591126,0.26604634899850255,13
branch-2021,6023581.217713697,0.3967975185482501,1193.4173802454238,25.911705321912216,15518421354.894024,2522229.674036595,16563269,0.9174717174772482,27740,0.0,0.2590596786532806,0.2644745620240243,9
austin-2023,7147297.0722848885,0.40555717575774775,667.4312227688761,57.551907486736326,0.0,2607605.3323296355,17691106,0.6371832562866522,45572,438569.76586197456,0.28010534449111896,0.26892319455627844,13
clark-2022,7619630.780847322,0.38931527198769394,519.7267113491738,58.43490333513121,10669480112.967636,2723897.8302714434,9821201,0.541600174622257,33600,846728.9340569548,0.21006409362494344,0.2611206005722492,11
moonwhite-2021,51467106.25061275,0.3853598744046473,317.55243069872796,46.73932139257949,7069890528.071106,2757974.2465005233,14258363,0.8896907684186868,7604,252546.77879471256,0.3305234948054559,0.263365990803978,5
riggs-2023,19776128.069972515,0.3969400856265868,0.0,19.84148498938647,0.0,2737867.0410475982,1515305,0.6343993874337723,3212,0.0,0.22815258204584388,0.26612625306626014,10
romero-2022,23816417.368816063,0.37156434537721,576.5678726291975,64.86119221967769,17682209433.917088,2660034.8990173796,7857273,0.22003478661571663,7556,1239000.2928633406,0.2797439848544326,0.26915118956744966,8
johnsoncarlson-2022,18862111.50652691,0.416550057774588,786.3140722267613,56.64516728934284,4256769592.092157,2516918.223716514,14735139,0.10394875649132285,34756,0.0,0.22569359878959283,0.2696920965486331,10
whitegreen-2022,35499478.209438056,0.3930560311212567,0.0,74.59285436589111,0.0,2815154.1368604684,5861195,0.10185719836514373,31562,2233397.675590329,0.3026988011654953,0.26654540859640513,12
gray-2021,8528462.948147066,0.3999555355698749,714.117162257609,0.0,0.0,2845472.3605729174,4811636,0.26968402684034887,17261,0.0,0.18690939977650695,0.2664531481638962,9
rivera-2023,7634552.551026955,0.39317798988215297,755.0747396742372,109.61803454574179,0.0,2875692.014715591,12183931,0.8254085429019238,31927,280687.4319622637,0.28854974430398966,0.2698481941933043,11
williams-2021,18660800.2798597,0.388807680119804,0.0,42.50102885214481,12960006040.580505,2522662.4677883442,1344757,0.057141394785838795,20772,34274.88236545364,0.26049605660648845,0.2637876923935949,9
kelley-2021,22133455.92599788,0.3782246453974994,0.0,30.208356366246836,9511896935.93137,2697465.2267687074,2594124,0.7058829143414673,13625,981419.369634747,0.2976546746617412,0.26580376863749966,12
pierce-2022,2432872.3717582906,0.4022216465919597,0.0,70.58816101115089,5643327443.000154,2785502.2273597517,1386856,0.6077393792181152,34745,0.0,0.26538808602392044,0.2686508522602236,11
reyes-2023,44324043.586229905,0.4063694616534968,184.5613886562038,49.376463152040735,3850490073.85658,2515433.9489141866,579734,0.11088618732224242,10897,652360.1867238048,0.2685318710482659,0.2631398966587003,11
washington-2020,22355284.80977658,0.396739507566846,369.430499127855,65.8265613188924,9136067551.243202,2763736.7767138714,192600,0.7018299019337899,41245,178414.17352173908,0.3765963812875015,0.26555853935997636,10
